Waktu,Asal,Maskapai,Penerbangan,Terminal_Pintu,Keterangan,Bagasi,Radar_Penerbangan
00:05 26 July,JOG Yogyakarta,QZ Air Asia Indonesia,QZ 7555N,2E -,,6,(#)
00:05 26 July,DMK Bangkok Don Mueang,QZ Air Asia Indonesia,QZ 0253,2F -,,12,(#)
00:10 26 July,DPS Bali,JT Lion Airlines,JT 0019,1B -,,B1,(#)
00:30 26 July,DPS Bali,QZ Air Asia Indonesia,QZ 7517,2E -,,7,(#)
00:50 26 July,DPS Bali,JT Lion Airlines,JT 0039,1B -,,B1,(#)
01:00 26 July,KUL Kuala Lumpur,AK Air Asia Benhard,AK 0382,2F -,,11,(#)
01:10 26 July,DPS Bali,QZ Air Asia Indonesia,QZ 7523,2E -,,6,(#)
01:50 26 July,BWN Bandar Seri Begawan,BI Royal Brunei Airlines,BI 0737,3U -,,U1,(#)
01:50 26 July,BWN Bandar Seri Begawan,GA Garuda Indonesia,GA 9005,3U -,,U1,(#)
02:00 26 July,HGR Hagerstown,JT Lion Airlines,JT 0001,HG -,,,(#)
03:00 26 July,HGR Hagerstown,QG Citilink Indonesia,QG 0001,HG -,,,(#)
03:00 26 July,HGR Hagerstown,SJ Sriwijaya Airlines,SJ 0001,2D -,,,(#)
04:00 26 July,HGR Hagerstown,IN Nam Air,IN 0001,2D -,,,(#)
04:00 26 July,HKG Hong Kong,CX Cathay Pacific Airways,CX 0753,3U -,,U2,(#)
04:10 26 July,HGR Hagerstown,GA Garuda Indonesia,GA 0001,HG -,,,(#)
04:30 26 July,HGR Hagerstown,QG Citilink Indonesia,QG 0002,HG -,,,(#)
04:30 26 July,HND Tokyo Haneda,NH All Nippon,NH 0871,3U -,,U6,(#)
04:30 26 July,HND Tokyo Haneda,GA Garuda Indonesia,GA 9351,-,,U6,(#)
04:40 26 July,JED Jeddah,GA Garuda Indonesia,GA 7363I,2D -,,1,(#)
04:45 26 July,HAK Haikou,JT Lion Airlines,JT 2788,2F -,,11,(#)
05:10 26 July,HGR Hagerstown,GA Garuda Indonesia,GA 0000,HG -,,,(#)
05:10 26 July,HGR Hagerstown,GA Garuda Indonesia,GA 0005,HG -,,,(#)
06:00 26 July,JOG Yogyakarta,SJ Sriwijaya Airlines,SJ 0219,2D -,,2,(#)
06:00 26 July,HGR Hagerstown,GA Garuda Indonesia,GA 0006,HG -,,,(#)
06:05 26 July,PLM Palembang,QG Citilink Indonesia,QG 0985,1C -,,C1,(#)
06:15 26 July,HGR Hagerstown,GA Garuda Indonesia,GA 0007,HG -,,,(#)
06:25 26 July,SUB Surabaya,SJ Sriwijaya Airlines,SJ 0257,2D -,,3,(#)
06:25 26 July,SUB Surabaya,QZ Air Asia Indonesia,QZ 7681,2E -,,7,(#)
06:30 26 July,JOG Yogyakarta,QG Citilink Indonesia,QG 0771,1C -,,C2,(#)
06:35 26 July,HGR Hagerstown,GA Garuda Indonesia,GA 0008,HG -,,,(#)
06:35 26 July,SOC Surakarta,JT Lion Airlines,JT 0531,1A -,,A0,(#)
06:45 26 July,BDJ Banjarmasin,JT Lion Airlines,JT 0321,1A -,,A3,(#)
06:45 26 July,LOP Praya,JT Lion Airlines,JT 0651,1A -,,A1,(#)
06:45 26 July,BKS Bengkulu,JT Lion Airlines,JT 0631,1B -,,B1,(#)
06:45 26 July,HGR Hagerstown,GA Garuda Indonesia,GA 0009,HG -,,,(#)
06:50 26 July,UPG Makassar,QG Citilink Indonesia,QG 0341,1C -,,C3,(#)
06:55 26 July,SRG Semarang,QG Citilink Indonesia,QG 0803,1C -,,C1,(#)
06:55 26 July,AMS Amsterdam,UX air europa,UX 3277,-,,U4,(#)
06:55 26 July,AMS Amsterdam,GA Garuda Indonesia,GA 0089,3U -,,U4,(#)
06:55 26 July,SUB Surabaya,ID Batik Air,ID 6401,2E -,,1,(#)
06:55 26 July,KUL Kuala Lumpur,JT Lion Airlines,JT 0287,2F -,,14,(#)
06:55 26 July,AMS Amsterdam,KL KLM Royal Deutch Airlines,KL 0205,-,,U4,(#)
07:00 26 July,PLM Palembang,ID Batik Air,ID 6871,2E -,,8,(#)
07:00 26 July,HGR Hagerstown,GA Garuda Indonesia,GA 0010,HG -,,,(#)
07:00 26 July,SUB Surabaya,SV Saudi Arabian Airlines,SV 6143,-,,U7,(#)
07:00 26 July,TKG Bandar Lampung,ID Batik Air,ID 6711,2E -,,9,(#)
07:00 26 July,SUB Surabaya,PG Bangkok Airways Public Company Limeted,PG 4329,-,,U7,(#)
07:00 26 July,SUB Surabaya,GA Garuda Indonesia,GA 0303,3U -,,U7,(#)
07:05 26 July,SRG Semarang,ID Batik Air,ID 6339,2E -,,9,(#)
07:05 26 July,SIN Singapore,SQ Singapore Airlines,SQ 0950,3U -,,U5,(#)
07:05 26 July,SOC Surakarta,QG Citilink Indonesia,QG 0763,1C -,,C4,(#)
07:05 26 July,SIN Singapore,VA Virgin Australia Airlines,VA 5619,-,,U5,(#)
07:10 26 July,KMG,ID Batik Air,ID 7602,2F -,,14,(#)
07:10 26 July,TKG Bandar Lampung,JT Lion Airlines,JT 0241,1B -,,B2,(#)
07:10 26 July,SRG Semarang,PG Bangkok Airways Public Company Limeted,PG 4323,-,,U8,(#)
07:10 26 July,SRG Semarang,GA Garuda Indonesia,GA 0231,3U -,,U8,(#)
07:10 26 July,SRG Semarang,SV Saudi Arabian Airlines,SV 6149,-,,U8,(#)
07:15 26 July,JOG Yogyakarta,GA Garuda Indonesia,GA 0201,3U -,,U9,(#)
07:15 26 July,JOG Yogyakarta,PG Bangkok Airways Public Company Limeted,PG 4317,-,,U9,(#)
07:15 26 July,SUB Surabaya,QG Citilink Indonesia,QG 0711,1C -,,C5,(#)
07:20 26 July,YIA,ID Batik Air,ID 6371,2E -,,10,(#)
07:20 26 July,DJB Jambi,JT Lion Airlines,JT 0607,1B -,,B3,(#)
07:25 26 July,SRG Semarang,IN Nam Air,IN 0221,2D -,,1,(#)
07:25 26 July,UPG Makassar,SV Saudi Arabian Airlines,SV 6201,-,,U10,(#)
07:25 26 July,UPG Makassar,JT Lion Airlines,JT 0773,1A -,,A4,(#)
07:25 26 July,BPN Balikpapan,ID Batik Air,ID 6251,2E -,,5,(#)
07:25 26 July,UPG Makassar,PG Bangkok Airways Public Company Limeted,PG 4355,-,,U10,(#)
07:25 26 July,KNO Kualanamu,ID Batik Air,ID 6881,2E -,,8,(#)
07:25 26 July,UPG Makassar,GA Garuda Indonesia,GA 0611,3U -,,U10,(#)
07:25 26 July,BPN Balikpapan,JT Lion Airlines,JT 0763,1A -,,A2,(#)
07:25 26 July,PDG Padang,JT Lion Airlines,JT 0351,1B -,,B4,(#)
07:30 26 July,PNK Pontianak,IN Nam Air,IN 0185,2D -,,5,(#)
07:30 26 July,PGK Pangkal Pinang,IN Nam Air,IN 0065,2D -,,4,(#)
07:35 26 July,BPN Balikpapan,GA Garuda Indonesia,GA 0561,3U -,,U11,(#)
07:35 26 July,SUB Surabaya,ID Batik Air,ID 6597,2E -,,9,(#)
07:40 26 July,JOG Yogyakarta,GA Garuda Indonesia,GA 0257,3U -,,U12,(#)
07:45 26 July,PKU Pekanbaru,JT Lion Airlines,JT 0393,1B -,,B5,(#)
07:45 26 July,PDG Padang,ID Batik Air,ID 6811,2E -,,10,(#)
07:45 26 July,DOH Doha,QR Qatar Airways,QR 0958,3U -,,U6,(#)
07:45 26 July,KNO Kualanamu,GA Garuda Indonesia,GA 0181,3U -,,U7,(#)
07:45 26 July,UPG Makassar,ID Batik Air,ID 6267,2E -,,8,(#)
07:45 26 July,KNO Kualanamu,SV Saudi Arabian Airlines,SV 6189,-,,U7,(#)
07:50 26 July,SUB Surabaya,GA Garuda Indonesia,GA 0305,3U -,,U8,(#)
07:50 26 July,HGR Hagerstown,QG Citilink Indonesia,QG 0003,2F -,,,(#)
07:50 26 July,TKG Bandar Lampung,SJ Sriwijaya Airlines,SJ 0095,2D -,,1,(#)
07:55 26 July,TRK Tarakan,ID Batik Air,ID 6895,2E -,,4,(#)
08:00 26 July,HGR Hagerstown,GA Garuda Indonesia,GA 0011,HG -,,,(#)
08:05 26 July,DPS Bali,GA Garuda Indonesia,GA 0401,3U -,,U9,(#)
08:05 26 July,PKU Pekanbaru,ID Batik Air,ID 7064,2E -,,9,(#)
08:05 26 July,KUL Kuala Lumpur,AK Air Asia Benhard,AK 0380,2F -,,13,(#)
08:05 26 July,DPS Bali,PG Bangkok Airways Public Company Limeted,PG 4311,-,,U9,(#)
08:05 26 July,DPS Bali,WY Oman Airlines,WY 5401,-,,U9,(#)
08:05 26 July,DPS Bali,TK Turkish Airlines,TK 9363,-,,U9,(#)
08:10 26 July,BDJ Banjarmasin,MH Malaysian Airlines,MH 5921,-,,U10,(#)
08:10 26 July,BDJ Banjarmasin,GA Garuda Indonesia,GA 0533,3U -,,U10,(#)
08:15 26 July,MDC Manado,ID Batik Air,ID 6277,2E -,,6,(#)
08:15 26 July,SIN Singapore,GA Garuda Indonesia,GA 0823,3U -,,U1,(#)
08:15 26 July,PKY Palangkaraya,JT Lion Airlines,JT 0671,1A -,,A0,(#)
08:15 26 July,MDC Manado,JT Lion Airlines,JT 0771,1A -,,A5,(#)
08:20 26 July,SRI,ID Batik Air,ID 6671,2E -,,10,(#)
08:25 26 July,SIN Singapore,SQ Singapore Airlines,SQ 0952,3U -,,U2,(#)
08:25 26 July,SIN Singapore,SK SCANDINAVIAN AIRLINES SYSTEM,SK 8027,-,,U2,(#)
08:25 26 July,BPN Balikpapan,JT Lion Airlines,JT 0673,1A -,,A3,(#)
08:25 26 July,DJB Jambi,JT Lion Airlines,JT 0601,1B -,,B2,(#)
08:25 26 July,SIN Singapore,NH All Nippon,NH 6272,-,,U2,(#)
08:25 26 July,SIN Singapore,VA Virgin Australia Airlines,VA 5621,-,,U2,(#)
08:25 26 July,PNK Pontianak,JT Lion Airlines,JT 0711,1A -,,A2,(#)
08:25 26 July,SRG Semarang,ID Batik Air,ID 6343,2E -,,8,(#)
08:30 26 July,KUL Kuala Lumpur,FY Firefly Airline,FY 7383,-,,U3,(#)
08:30 26 July,MDC Manado,EY Etihad Airways,EY 8149,-,,U11,(#)
08:30 26 July,KUL Kuala Lumpur,MH Malaysian Airlines,MH 0713,3U -,,U3,(#)
08:30 26 July,KUL Kuala Lumpur,QR Qatar Airways,QR 4985,-,,U3,(#)
08:30 26 July,PKY Palangkaraya,JT Lion Airlines,JT 0671,1A -,,A4,(#)
08:30 26 July,KUL Kuala Lumpur,GA Garuda Indonesia,GA 9283,-,,U3,(#)
08:30 26 July,MDC Manado,GA Garuda Indonesia,GA 0607,3U -,,U11,(#)
08:35 26 July,KUL Kuala Lumpur,OD MALINDO AIRLINES,OD 0320,2F -,,14,(#)
08:35 26 July,TJQ Tanjung Pandan,SJ Sriwijaya Airlines,SJ 0051,2D -,,2,(#)
08:35 26 July,SIN Singapore,2Y My indo,2Y 0923,1A -,,,(#)
08:40 26 July,PLM Palembang,ID Batik Air,ID 6873,2E -,,9,(#)
08:40 26 July,TJQ Tanjung Pandan,QG Citilink Indonesia,QG 0977,1C -,,C1,(#)
08:40 26 July,SUB Surabaya,SJ Sriwijaya Airlines,SJ 0259,2D -,,3,(#)
08:40 26 July,PDG Padang,SJ Sriwijaya Airlines,SJ 0023,2D -,,3,(#)
08:45 26 July,JOG Yogyakarta,MH Malaysian Airlines,MH 5905,-,,U12,(#)
08:45 26 July,DPS Bali,JT Lion Airlines,JT 0561,1A -,,A5,(#)
08:45 26 July,JOG Yogyakarta,GA Garuda Indonesia,GA 0203,3U -,,U12,(#)
08:45 26 July,PKN Pangkalan Bun,IL Trigana Air Service,IL 0709V,1C -,,C2,(#)
08:45 26 July,JOG Yogyakarta,JT Lion Airlines,JT 0565,1A -,,A1,(#)
08:45 26 July,PLW Palu,ID Batik Air,ID 6561,2E -,,10,(#)
08:45 26 July,PKN Pangkalan Bun,IL Trigana Air Service,IL 0709,1C -,,C2,(#)
08:45 26 July,SUB Surabaya,JT Lion Airlines,JT 0571,1A -,,A5,(#)
08:45 26 July,JOG Yogyakarta,PG Bangkok Airways Public Company Limeted,PG 4365,-,,U12,(#)
08:50 26 July,BTH Batam,GA Garuda Indonesia,GA 0151,3U -,,U7,(#)
08:50 26 July,SRG Semarang,PG Bangkok Airways Public Company Limeted,PG 4367,-,,U8,(#)
08:50 26 July,SRG Semarang,MH Malaysian Airlines,MH 5913,-,,U8,(#)
08:50 26 July,SRG Semarang,SV Saudi Arabian Airlines,SV 6151,-,,U8,(#)
08:50 26 July,SRG Semarang,GA Garuda Indonesia,GA 0233,3U -,,U8,(#)
08:55 26 July,SOC Surakarta,GA Garuda Indonesia,GA 0223,3U -,,U9,(#)
08:55 26 July,SUB Surabaya,QZ Air Asia Indonesia,QZ 7689,2E -,,6,(#)
08:55 26 July,PLM Palembang,GA Garuda Indonesia,GA 0105,3U -,,U11,(#)
08:55 26 July,SOC Surakarta,MH Malaysian Airlines,MH 5909,-,,U9,(#)
08:55 26 July,GTO Gorontalo,ID Batik Air,ID 6243,2E -,,8,(#)
08:55 26 July,PLW Palu,GA Garuda Indonesia,GA 0623,3U -,,U10,(#)
08:55 26 July,TKG Bandar Lampung,JT Lion Airlines,JT 0245,1B -,,B1,(#)
08:55 26 July,PLM Palembang,MH Malaysian Airlines,MH 5903,-,,U11,(#)
09:00 26 July,JED Jeddah,SV Saudi Arabian Airlines,SV 0816,3U -,,U3,(#)
09:00 26 July,DPS Bali,QG Citilink Indonesia,QG 0663,1C -,,C3,(#)
09:05 26 July,PNK Pontianak,SJ Sriwijaya Airlines,SJ 0181,2D -,,4,(#)
09:05 26 July,SIN Singapore,TR Scoot Tigerair Pte.Ltd,TR 0274,2F -,,11,(#)
09:10 26 July,SIN Singapore,EK Emirates,EK 7766,-,,12,(#)
09:10 26 July,SIN Singapore,3K Jetstar Airways,3K 0201,2F -,,12,(#)
09:10 26 July,SIN Singapore,QF Qantas Airways,QF 5201,-,,12,(#)
09:15 26 July,DPS Bali,JT Lion Airlines,JT 0035,1B -,,B3,(#)
09:15 26 July,TJQ Tanjung Pandan,ID Batik Air,ID 6827,2E -,,6,(#)
09:15 26 July,PGK Pangkal Pinang,JT Lion Airlines,JT 0217,1B -,,B2,(#)
09:15 26 July,TKG Bandar Lampung,SJ Sriwijaya Airlines,SJ 0089,2D -,,4,(#)
09:15 26 July,SZB Subang,TH Raya Airways,TH 1021,1A -,,,(#)
09:20 26 July,PGK Pangkal Pinang,SJ Sriwijaya Airlines,SJ 0071,2D -,,5,(#)
09:20 26 July,DPS Bali,QZ Air Asia Indonesia,QZ 7511,2E -,,7,(#)
09:25 26 July,SUB Surabaya,GA Garuda Indonesia,GA 0307,3U -,,U7,(#)
09:25 26 July,DJB Jambi,GA Garuda Indonesia,GA 0131,3U -,,U12,(#)
09:25 26 July,SUB Surabaya,SV Saudi Arabian Airlines,SV 6145,-,,U7,(#)
09:25 26 July,MKW Manokwari,ID Batik Air,ID 6159,2E -,,9,(#)
09:25 26 July,TAS,HY UZBEKISTAN AIRWAYS,HY 0553,3U -,,U5,(#)
09:25 26 July,SIN Singapore,8K K-Mile Air Cargo,8K 0804,1A -,,,(#)
09:25 26 July,SUB Surabaya,MH Malaysian Airlines,MH 5917,-,,U7,(#)
09:25 26 July,SIN Singapore,8F Cardig Air,8F 0804,-,,,(#)
09:30 26 July,JED Jeddah,GA Garuda Indonesia,GA 0981,3U -,,U6,(#)
09:35 26 July,TJQ Tanjung Pandan,GA Garuda Indonesia,GA 0283,3U -,,U9,(#)
09:35 26 July,TKG Bandar Lampung,GA Garuda Indonesia,GA 0083,3U -,,U8,(#)
09:40 26 July,PNK Pontianak,JT Lion Airlines,JT 0877,1A -,,A2,(#)
09:40 26 July,JED Jeddah,GA Garuda Indonesia,GA 7361I,2D -,,1,(#)
09:45 26 July,SUB Surabaya,ID Batik Air,ID 6391,2E -,,10,(#)
09:45 26 July,UPG Makassar,JT Lion Airlines,JT 0891,1A -,,A3,(#)
09:45 26 July,PNK Pontianak,IN Nam Air,IN 0181,2D -,,2,(#)
09:45 26 July,TTE Ternate,GA Garuda Indonesia,GA 0649,3U -,,U10,(#)
09:45 26 July,PDG Padang,JT Lion Airlines,JT 0253,1B -,,B1,(#)
09:50 26 July,SRG Semarang,SJ Sriwijaya Airlines,SJ 0225,2D -,,3,(#)
09:55 26 July,BTJ Aceh,GA Garuda Indonesia,GA 0143,3U -,,U11,(#)
09:55 26 July,SMQ Sampit,IN Nam Air,IN 0173,2D -,,4,(#)
09:55 26 July,SUB Surabaya,GA Garuda Indonesia,GA 0449,3U -,,U12,(#)
09:55 26 July,KNO Kualanamu,JT Lion Airlines,JT 0397,1B -,,B4,(#)
09:55 26 July,MDC Manado,QG Citilink Indonesia,QG 0301,1C -,,C4,(#)
09:55 26 July,BDJ Banjarmasin,JT Lion Airlines,JT 0323,1A -,,A4,(#)
10:00 26 July,PKY Palangkaraya,GA Garuda Indonesia,GA 0551,3U -,,U7,(#)
10:00 26 July,AMQ Ambon,ID Batik Air,ID 6171,2E -,,9,(#)
10:00 26 July,SOQ Sorong,ID Batik Air,ID 7780,2E -,,8,(#)
10:00 26 July,SUB Surabaya,QZ Air Asia Indonesia,QZ 0695,2E -,,11,(#)
10:05 26 July,MDC Manado,ID Batik Air,ID 6271,2E -,,10,(#)
10:05 26 July,KOE Kupang,ID Batik Air,ID 6541,2E -,,9,(#)
10:05 26 July,BDJ Banjarmasin,GA Garuda Indonesia,GA 0535,3U -,,U8,(#)
10:05 26 July,BDJ Banjarmasin,MH Malaysian Airlines,MH 5923,-,,U8,(#)
10:05 26 July,PKU Pekanbaru,ID Batik Air,ID 6851,2E -,,8,(#)
10:10 26 July,BKS Bengkulu,GA Garuda Indonesia,GA 0297,3U -,,U10,(#)
10:10 26 July,SIN Singapore,VA Virgin Australia Airlines,VA 5624,-,,U1,(#)
10:10 26 July,SOQ Sorong,GA Garuda Indonesia,GA 0683,3U -,,U11,(#)
10:10 26 July,UPG Makassar,ID Batik Air,ID 6293,2E -,,10,(#)
10:10 26 July,KDI Kendari,GA Garuda Indonesia,GA 0697,3U -,,U9,(#)
10:10 26 July,SIN Singapore,SQ Singapore Airlines,SQ 0956,3U -,,U1,(#)
10:10 26 July,DPS Bali,GA Garuda Indonesia,GA 0341,1A -,,,(#)
10:10 26 July,HGR Hagerstown,GA Garuda Indonesia,GA 0002,HG -,,,(#)
10:15 26 July,SGN Ho Chi Minh City,FX Federal Express,FX 5194,1A -,,,(#)
10:15 26 July,KUL Kuala Lumpur,QR Qatar Airways,QR 4983,-,,U2,(#)
10:15 26 July,SUB Surabaya,VN Vietnam Airlines,VN 3957,-,,U12,(#)
10:15 26 July,KUL Kuala Lumpur,WY Oman Airlines,WY 5711,-,,U2,(#)
10:15 26 July,KUL Kuala Lumpur,GA Garuda Indonesia,GA 9281,-,,U2,(#)
10:15 26 July,BTH Batam,JT Lion Airlines,JT 0373,1B -,,B2,(#)
10:15 26 July,SUB Surabaya,CI China Airlines,CI 9775,-,,U12,(#)
10:15 26 July,PNK Pontianak,JT Lion Airlines,JT 0719,1A -,,A4,(#)
10:15 26 July,SUB Surabaya,PG Bangkok Airways Public Company Limeted,PG 4351,-,,U12,(#)
10:15 26 July,MED Madinah,SV Saudi Arabian Airlines,SV 4311I,2D -,,1,(#)
10:15 26 July,UPG Makassar,JT Lion Airlines,JT 0871,1A -,,A5,(#)
10:15 26 July,KUL Kuala Lumpur,MH Malaysian Airlines,MH 0711,3U -,,U2,(#)
10:15 26 July,SUB Surabaya,GA Garuda Indonesia,GA 0309,3U -,,U12,(#)
10:20 26 July,MLG Malang,SJ Sriwijaya Airlines,SJ 0251,2D -,,1,(#)
10:20 26 July,BTH Batam,QG Citilink Indonesia,QG 0941,1C -,,C5,(#)
10:20 26 July,DPS Bali,ID Batik Air,ID 6501,2E -,,13,(#)
10:20 26 July,BPN Balikpapan,SJ Sriwijaya Airlines,SJ 0159,2D -,,1,(#)
10:25 26 July,KUL Kuala Lumpur,AK Air Asia Benhard,AK 0388,2F -,,13,(#)
10:25 26 July,SIN Singapore,JT Lion Airlines,JT 0153,2F -,,14,(#)
10:25 26 July,SRG Semarang,QG Citilink Indonesia,QG 0791,1C -,,C3,(#)
10:30 26 July,DPS Bali,VN Vietnam Airlines,VN 3955,-,,U8,(#)
10:30 26 July,DPS Bali,QZ Air Asia Indonesia,QZ 0933X,2E -,,6,(#)
10:30 26 July,DPS Bali,TK Turkish Airlines,TK 9365,-,,U8,(#)
10:30 26 July,TNJ Tanjung Pinang,SJ Sriwijaya Airlines,SJ 0039,2D -,,2,(#)
10:30 26 July,MKQ Marauke,GA Garuda Indonesia,GA 0657,3U -,,U7,(#)
10:30 26 July,SUB Surabaya,JT Lion Airlines,JT 0573,1A -,,A1,(#)
10:30 26 July,PEN Penang,PV Private,PV 0001,1A -,,,(#)
10:30 26 July,DPS Bali,GA Garuda Indonesia,GA 0403,3U -,,U8,(#)
10:30 26 July,DPS Bali,WY Oman Airlines,WY 5403,-,,U8,(#)
10:35 26 July,DPS Bali,JT Lion Airlines,JT 0031,1B -,,B1,(#)
10:35 26 July,KUL Kuala Lumpur,QZ Air Asia Indonesia,QZ 0203,2F -,,12,(#)
10:35 26 July,BPN Balikpapan,JT Lion Airlines,JT 0761,1A -,,A1,(#)
10:35 26 July,PLW Palu,JT Lion Airlines,JT 0723,1A -,,A2,(#)
10:40 26 July,LOP Praya,GA Garuda Indonesia,GA 0435,3U -,,U10,(#)
10:40 26 July,UPG Makassar,SJ Sriwijaya Airlines,SJ 0591,2D -,,3,(#)
10:40 26 July,BTH Batam,GA Garuda Indonesia,GA 0153,3U -,,U9,(#)
10:40 26 July,PLM Palembang,GA Garuda Indonesia,GA 0107,3U -,,U11,(#)
10:45 26 July,SOC Surakarta,JT Lion Airlines,JT 0537,1A -,,A3,(#)
10:45 26 July,PDG Padang,GA Garuda Indonesia,GA 0163,3U -,,U12,(#)
10:45 26 July,KNO Kualanamu,JT Lion Airlines,JT 0207,1B -,,B3,(#)
10:50 26 July,SRG Semarang,JT Lion Airlines,JT 0505,1A -,,A4,(#)
10:55 26 July,KWL Guilin,ID Batik Air,ID 7000,2E -,,6,(#)
10:55 26 July,SIN Singapore,GA Garuda Indonesia,GA 0825,3U -,,U3,(#)
10:55 26 July,SIN Singapore,SV Saudi Arabian Airlines,SV 6168,-,,U3,(#)
10:55 26 July,BWX Banyuwangi,GA Garuda Indonesia,GA 0271,3U -,,U7,(#)
11:00 26 July,SRG Semarang,JT Lion Airlines,JT 0505,1A -,,A4,(#)
11:00 26 July,KNO Kualanamu,QG Citilink Indonesia,QG 0913,1C -,,C1,(#)
11:00 26 July,SRG Semarang,ID Batik Air,ID 7369,2E -,,9,(#)
11:00 26 July,MDC Manado,ID Batik Air,ID 6281,2E -,,8,(#)
11:00 26 July,DTB Silangit,QG Citilink Indonesia,QG 0881,1C -,,C2,(#)
11:10 26 July,LOP Praya,ID Batik Air,ID 6507,2E -,,10,(#)
11:10 26 July,BPN Balikpapan,CI China Airlines,CI 9795,-,,U8,(#)
11:10 26 July,SIN Singapore,TR Scoot Tigerair Pte.Ltd,TR 0276,2F -,,11,(#)
11:10 26 July,BPN Balikpapan,GA Garuda Indonesia,GA 0563,3U -,,U8,(#)
11:15 26 July,UPG Makassar,PG Bangkok Airways Public Company Limeted,PG 4371,-,,U9,(#)
11:15 26 July,SRG Semarang,CI China Airlines,CI 9763,-,,U10,(#)
11:15 26 July,UPG Makassar,SV Saudi Arabian Airlines,SV 6203,-,,U9,(#)
11:15 26 July,FLZ Sibolga,GA Garuda Indonesia,GA 0263,3U -,,U11,(#)
11:15 26 July,SRG Semarang,GA Garuda Indonesia,GA 0235,3U -,,U10,(#)
11:15 26 July,DJB Jambi,JT Lion Airlines,JT 0809,1B -,,B2,(#)
11:15 26 July,SUB Surabaya,QG Citilink Indonesia,QG 0713,1C -,,C3,(#)
11:15 26 July,UPG Makassar,GA Garuda Indonesia,GA 0641,3U -,,U9,(#)
11:15 26 July,SIN Singapore,QZ Air Asia Indonesia,QZ 0263,2F -,,14,(#)
11:15 26 July,SRG Semarang,PG Bangkok Airways Public Company Limeted,PG 4325,-,,U10,(#)
11:20 26 July,PLM Palembang,SJ Sriwijaya Airlines,SJ 0083,2D -,,4,(#)
11:20 26 July,KUL Kuala Lumpur,FY Firefly Airline,FY 7385,-,,U2,(#)
11:20 26 July,BKS Bengkulu,JT Lion Airlines,JT 0637,1B -,,B4,(#)
11:20 26 July,KUL Kuala Lumpur,GA Garuda Indonesia,GA 9279,-,,U2,(#)
11:20 26 July,KUL Kuala Lumpur,MH Malaysian Airlines,MH 0717,3U -,,U2,(#)
11:20 26 July,KUL Kuala Lumpur,QR Qatar Airways,QR 4987,-,,U2,(#)
11:25 26 July,KNO Kualanamu,CI China Airlines,CI 9768,-,,U7,(#)
11:25 26 July,KNO Kualanamu,SV Saudi Arabian Airlines,SV 6191,-,,U7,(#)
11:25 26 July,UPG Makassar,ID Batik Air,ID 6289,2E -,,8,(#)
11:25 26 July,JOG Yogyakarta,CI China Airlines,CI 9761,-,,U12,(#)
11:25 26 July,KNO Kualanamu,GA Garuda Indonesia,GA 0183,3U -,,U7,(#)
11:25 26 July,JOG Yogyakarta,GA Garuda Indonesia,GA 0205,3U -,,U12,(#)
11:25 26 July,JOG Yogyakarta,PG Bangkok Airways Public Company Limeted,PG 4319,-,,U12,(#)
11:30 26 July,BDJ Banjarmasin,QG Citilink Indonesia,QG 0481,1C -,,C4,(#)
11:35 26 July,BDJ Banjarmasin,JT Lion Airlines,JT 0529,1A -,,A5,(#)
11:35 26 July,BKK Bangkok,TG Thai International Airways,TG 0433,3U -,,U1,(#)
11:40 26 July,PDG Padang,QG Citilink Indonesia,QG 0953,1C -,,C5,(#)
11:40 26 July,TKG Bandar Lampung,GA Garuda Indonesia,GA 0073,3U -,,U8,(#)
11:40 26 July,SUB Surabaya,GA Garuda Indonesia,GA 0311,3U -,,U9,(#)
11:40 26 July,SIN Singapore,GA Garuda Indonesia,GA 0843,3U -,,U5,(#)
11:40 26 July,TKG Bandar Lampung,CI China Airlines,CI 9764,-,,U8,(#)
11:40 26 July,SUB Surabaya,VN Vietnam Airlines,VN 3959,-,,U9,(#)
11:40 26 July,PNK Pontianak,IN Nam Air,IN 0181,2D -,,2,(#)
11:50 26 July,DPS Bali,GA Garuda Indonesia,GA 4401X,3U -,,U10,(#)
11:50 26 July,PLM Palembang,JT Lion Airlines,JT 0333,1B -,,B1,(#)
11:50 26 July,TNJ Tanjung Pinang,JT Lion Airlines,JT 0621,1B -,,B3,(#)
11:55 26 July,SIN Singapore,ID Batik Air,ID 7154,2F -,,14,(#)
11:55 26 July,SUB Surabaya,ID Batik Air,ID 6573,2E -,,9,(#)
11:55 26 July,BKS Bengkulu,SJ Sriwijaya Airlines,SJ 0091,2D -,,3,(#)
11:55 26 July,LBJ,QG Citilink Indonesia,QG 0633,1C -,,C1,(#)
11:55 26 July,MRB Muara Bungo,IN Nam Air,IN 0093,2D -,,5,(#)
12:00 26 July,JOG Yogyakarta,SJ Sriwijaya Airlines,SJ 0245,2D -,,1,(#)
12:00 26 July,SUB Surabaya,QG Citilink Indonesia,QG 0715,1C -,,C1,(#)
12:05 26 July,BPN Balikpapan,EY Etihad Airways,EY 7123,-,,U11,(#)
12:05 26 July,BPN Balikpapan,GA Garuda Indonesia,GA 0565,3U -,,U11,(#)
12:10 26 July,TTE Ternate,JT Lion Airlines,JT 0897,1A -,,A1,(#)
12:10 26 July,LLG Lubuklinggau,ID Batik Air,ID 6821,2E -,,10,(#)
12:15 26 July,CAN Guangzhou,MF Xiamen Airline,MF 9287,3U -,,U2,(#)
12:15 26 July,JED Jeddah,JT Lion Airlines,JT 0111,2F -,,12,(#)
12:15 26 July,UPG Makassar,SV Saudi Arabian Airlines,SV 6205,-,,U12,(#)
12:15 26 July,KNO Kualanamu,ID Batik Air,ID 6883,2E -,,9,(#)
12:15 26 July,UPG Makassar,QG Citilink Indonesia,QG 0333,1C -,,C2,(#)
12:15 26 July,DJJ Jayapura,ID Batik Air,ID 6181,2E -,,8,(#)
12:15 26 July,MED Madinah,SV Saudi Arabian Airlines,SV 4313I,2D -,,1,(#)
12:15 26 July,PEN Penang,QZ Air Asia Indonesia,QZ 0221,2F -,,12,(#)
12:15 26 July,CAN Guangzhou,GA Garuda Indonesia,GA 9779,3U -,,U2,(#)
12:15 26 July,DPS Bali,JT Lion Airlines,JT 0029,1B -,,B5,(#)
12:15 26 July,UPG Makassar,GA Garuda Indonesia,GA 0617,3U -,,U12,(#)
12:15 26 July,CAN Guangzhou,CZ China Southern 388,CZ 3037,3U -,,U2,(#)
12:20 26 July,PNK Pontianak,GA Garuda Indonesia,GA 0505,3U -,,U7,(#)
12:20 26 July,UPG Makassar,JT Lion Airlines,JT 0795,1A -,,A2,(#)
12:20 26 July,BWN Bandar Seri Begawan,GA Garuda Indonesia,GA 9009,-,,U1,(#)
12:20 26 July,SOC Surakarta,GA Garuda Indonesia,GA 0225,3U -,,U8,(#)
12:20 26 July,SOC Surakarta,EY Etihad Airways,EY 7130,-,,U8,(#)
12:20 26 July,PEN Penang,ID Batik Air,ID 7160,2F -,,13,(#)
12:20 26 July,KDI Kendari,JT Lion Airlines,JT 0729,1A -,,A3,(#)
12:20 26 July,SOC Surakarta,MH Malaysian Airlines,MH 5911,-,,U8,(#)
12:20 26 July,BWN Bandar Seri Begawan,BI Royal Brunei Airlines,BI 0735,3U -,,U1,(#)
12:25 26 July,UPG Makassar,ID Batik Air,ID 6265,2E -,,5,(#)
12:25 26 July,TKG Bandar Lampung,SJ Sriwijaya Airlines,SJ 0097,2D -,,2,(#)
12:25 26 July,PDG Padang,JT Lion Airlines,JT 0353,1B -,,B2,(#)
12:25 26 July,TJQ Tanjung Pandan,JT Lion Airlines,JT 0121,1B -,,B1,(#)
12:25 26 July,DTB Silangit,GA Garuda Indonesia,GA 0269,3U -,,7,(#)
12:30 26 July,MLG Malang,GA Garuda Indonesia,GA 0291,3U -,,U9,(#)
12:30 26 July,KUL Kuala Lumpur,OD MALINDO AIRLINES,OD 0316,2F -,,14,(#)
12:30 26 July,KUL Kuala Lumpur,AK Air Asia Benhard,AK 0351,2F -,,12,(#)
12:30 26 July,UPG Makassar,SJ Sriwijaya Airlines,SJ 5830,2D -,,3,(#)
12:30 26 July,DMK Bangkok Don Mueang,SL THAI LION AIR,SL 0116,2F -,,13,(#)
12:35 26 July,SOC Surakarta,SJ Sriwijaya Airlines,SJ 0213,2D -,,4,(#)
12:35 26 July,DJB Jambi,GA Garuda Indonesia,GA 0127,3U -,,U10,(#)
12:35 26 July,BPN Balikpapan,JT Lion Airlines,JT 0753,1A -,,A4,(#)
12:40 26 July,BPN Balikpapan,2Y My indo,2Y 0031,1A -,,A5,(#)
12:45 26 July,JOG Yogyakarta,QZ Air Asia Indonesia,QZ 7553,2E -,,7,(#)
12:45 26 July,SRG Semarang,SV Saudi Arabian Airlines,SV 6153,-,,U11,(#)
12:45 26 July,SUB Surabaya,PG Bangkok Airways Public Company Limeted,PG 4369,-,,U12,(#)
12:45 26 July,SUB Surabaya,GA Garuda Indonesia,GA 0313,3U -,,U12,(#)
12:45 26 July,SRG Semarang,GA Garuda Indonesia,GA 0237,3U -,,U11,(#)
12:45 26 July,SUB Surabaya,EY Etihad Airways,EY 8200,-,,U12,(#)
12:45 26 July,MLG Malang,QG Citilink Indonesia,QG 0751,1C -,,C3,(#)
12:45 26 July,PNK Pontianak,JT Lion Airlines,JT 0713,1A -,,A3,(#)
12:45 26 July,PLM Palembang,GA Garuda Indonesia,GA 0109,3U -,,U7,(#)
12:45 26 July,SUB Surabaya,MH Malaysian Airlines,MH 5919,-,,U12,(#)
12:45 26 July,SRG Semarang,MH Malaysian Airlines,MH 5915,-,,U11,(#)
12:50 26 July,SIN Singapore,QZ Air Asia Indonesia,QZ 0267,2F -,,11,(#)
12:50 26 July,PGK Pangkal Pinang,SJ Sriwijaya Airlines,SJ 0073,2D -,,5,(#)
12:50 26 July,MED Madinah,GA Garuda Indonesia,GA 0961,3U -,,U9,(#)
12:55 26 July,DJB Jambi,JT Lion Airlines,JT 0605,1B -,,B1,(#)
12:55 26 July,DPS Bali,WY Oman Airlines,WY 5407,-,,U10,(#)
12:55 26 July,DPS Bali,PG Bangkok Airways Public Company Limeted,PG 4363,-,,U10,(#)
12:55 26 July,DPS Bali,GA Garuda Indonesia,GA 0407,3U -,,U10,(#)
12:55 26 July,DPS Bali,TK Turkish Airlines,TK 9367,-,,U10,(#)
12:55 26 July,PKU Pekanbaru,GA Garuda Indonesia,GA 0175,3U -,,U9,(#)
13:00 26 July,SGN Ho Chi Minh City,VN Vietnam Airlines,VN 0631,3U -,,U3,(#)
13:00 26 July,SRI,GA Garuda Indonesia,GA 0581,3U -,,U10,(#)
13:00 26 July,SIN Singapore,JT Lion Airlines,JT 0163,2F -,,14,(#)
13:00 26 July,HKG Hong Kong,GA Garuda Indonesia,GA 0873,3U -,,U2,(#)
13:00 26 July,SGN Ho Chi Minh City,GA Garuda Indonesia,GA 9460,-,,U3,(#)
13:05 26 July,HKG Hong Kong,AA AMERICAN AIRLINE,AA 8913,-,,U4,(#)
13:05 26 July,HKG Hong Kong,CX Cathay Pacific Airways,CX 0777,3U -,,U4,(#)
13:10 26 July,SUB Surabaya,QG Citilink Indonesia,QG 0717,1C -,,C4,(#)
13:10 26 July,SIN Singapore,GA Garuda Indonesia,GA 0829,3U -,,U6,(#)
13:10 26 July,PGK Pangkal Pinang,JT Lion Airlines,JT 0617,1B -,,B3,(#)
13:10 26 July,TPE Taipei,CI China Airlines,CI 0761,3U -,,U5,(#)
13:10 26 July,SIN Singapore,EY Etihad Airways,EY 8156,-,,U6,(#)
13:10 26 July,SIN Singapore,WY Oman Airlines,WY 5829,-,,U6,(#)
13:10 26 July,SIN Singapore,9W Jet Airways india,9W 4107,-,,U6,(#)
13:15 26 July,SIN Singapore,VA Virgin Australia Airlines,VA 5626,-,,U2,(#)
13:15 26 July,SIN Singapore,SQ Singapore Airlines,SQ 0958,3U -,,U2,(#)
13:20 26 July,MCT Muscat,WY Oman Airlines,WY 0849,3U -,,U4,(#)
13:20 26 July,TPE Taipei,BR Eva Air,BR 0237,3U -,,U1,(#)
13:25 26 July,KNO Kualanamu,ID Batik Air,ID 6885,2E -,,10,(#)
13:25 26 July,BTH Batam,GA Garuda Indonesia,GA 0155,3U -,,U11,(#)
13:30 26 July,CMB Colombo,UL Sri Lankan Airlines,UL 0364,3U -,,U6,(#)
13:30 26 July,JOG Yogyakarta,GA Garuda Indonesia,GA 0207,3U -,,U7,(#)
13:30 26 July,PGK Pangkal Pinang,GA Garuda Indonesia,GA 0137,3U -,,U12,(#)
13:30 26 July,CMB Colombo,AI Air India,AI 6208,-,,U6,(#)
13:30 26 July,JOG Yogyakarta,PG Bangkok Airways Public Company Limeted,PG 4321,-,,U7,(#)
13:30 26 July,JOG Yogyakarta,MH Malaysian Airlines,MH 5907,-,,U7,(#)
13:30 26 July,HKG Hong Kong,CX Cathay Pacific Airways,CX 3249,1A -,,,(#)
13:35 26 July,UPG Makassar,PG Bangkok Airways Public Company Limeted,PG 4359,-,,U8,(#)
13:35 26 July,UPG Makassar,GA Garuda Indonesia,GA 0651,3U -,,U8,(#)
13:35 26 July,UPG Makassar,MH Malaysian Airlines,MH 5927,-,,U8,(#)
13:35 26 July,DPS Bali,QZ Air Asia Indonesia,QZ 7521,2E -,,6,(#)
13:35 26 July,UPG Makassar,EY Etihad Airways,EY 7128,-,,U8,(#)
13:40 26 July,KNO Kualanamu,GA Garuda Indonesia,GA 0185,3U -,,U9,(#)
13:45 26 July,DPS Bali,TK Turkish Airlines,TK 9369,-,,U10,(#)
13:45 26 July,PDG Padang,EY Etihad Airways,EY 7133,-,,U11,(#)
13:45 26 July,DPS Bali,WY Oman Airlines,WY 5409,-,,U10,(#)
13:45 26 July,PDG Padang,GA Garuda Indonesia,GA 0149,3U -,,U11,(#)
13:45 26 July,DPS Bali,GA Garuda Indonesia,GA 0409,3U -,,U10,(#)
13:45 26 July,DPS Bali,PG Bangkok Airways Public Company Limeted,PG 4315,-,,U10,(#)
13:45 26 July,KNO Kualanamu,QG Citilink Indonesia,QG 0917,1C -,,C5,(#)
13:50 26 July,SUB Surabaya,JT Lion Airlines,JT 0591,1A -,,A0,(#)
13:55 26 July,MLG Malang,JT Lion Airlines,JT 0815,1A -,,A5,(#)
13:55 26 July,LOP Praya,JT Lion Airlines,JT 0657,1A -,,A1,(#)
13:55 26 July,LLG Lubuklinggau,IN Nam Air,IN 0015,2D -,,1,(#)
13:55 26 July,DJB Jambi,QG Citilink Indonesia,QG 0965,1C -,,C1,(#)
13:55 26 July,PKU Pekanbaru,JT Lion Airlines,JT 0391,1B -,,B4,(#)
14:00 26 July,BDJ Banjarmasin,ID Batik Air,ID 6213,2E -,,9,(#)
14:00 26 July,KUL Kuala Lumpur,GA Garuda Indonesia,GA 0821,3U -,,U2,(#)
14:00 26 July,RUH Riyadh,SV Saudi Arabian Airlines,SV 0822,3U -,,U3,(#)
14:00 26 July,KUL Kuala Lumpur,WY Oman Airlines,WY 5821,-,,U2,(#)
14:00 26 July,HGR Hagerstown,JT Lion Airlines,JT 0005,1A -,,,(#)
14:00 26 July,PKU Pekanbaru,ID Batik Air,ID 6855,2E -,,8,(#)
14:00 26 July,KUL Kuala Lumpur,MH Malaysian Airlines,MH 5893,-,,U2,(#)
14:00 26 July,JED Jeddah,GA Garuda Indonesia,GA 7362I,2D -,,,(#)
14:00 26 July,MAA Chennai,WY Oman Airlines,WY 7013,3U -,,,(#)
14:05 26 July,SUB Surabaya,PG Bangkok Airways Public Company Limeted,PG 4353,-,,U12,(#)
14:05 26 July,SUB Surabaya,GA Garuda Indonesia,GA 0315,3U -,,U12,(#)
14:05 26 July,BTJ Aceh,ID Batik Air,ID 6897,2E -,,10,(#)
14:05 26 July,KUL Kuala Lumpur,JT Lion Airlines,JT 0283,2F -,,14,(#)
14:05 26 July,PNK Pontianak,GA Garuda Indonesia,GA 0513,3U -,,U7,(#)
14:05 26 July,SUB Surabaya,EY Etihad Airways,EY 7119,-,,U12,(#)
14:10 26 July,JOG Yogyakarta,QZ Air Asia Indonesia,QZ 7557,2E -,,7,(#)
14:15 26 July,BPN Balikpapan,ID Batik Air,ID 6253,2E -,,8,(#)
14:15 26 July,KNO Kualanamu,JT Lion Airlines,JT 0303,1B -,,B2,(#)
14:15 26 July,SRG Semarang,JT Lion Airlines,JT 0507,1A -,,A2,(#)
14:15 26 July,MED Madinah,SV Saudi Arabian Airlines,SV 4315I,2D -,,,(#)
14:15 26 July,BPN Balikpapan,GA Garuda Indonesia,GA 0567,3U -,,U8,(#)
14:15 26 July,BPN Balikpapan,EY Etihad Airways,EY 8204,-,,U8,(#)
14:15 26 July,KUL Kuala Lumpur,AK Air Asia Benhard,AK 0384,2F -,,12,(#)
14:20 26 July,JED Jeddah,GA Garuda Indonesia,GA 0983,3U -,,8,(#)
14:20 26 July,BWX Banyuwangi,GA Garuda Indonesia,GA 0265,3U -,,U9,(#)
14:20 26 July,PNK Pontianak,JT Lion Airlines,JT 0833,1A -,,A3,(#)
14:20 26 July,DPS Bali,SJ Sriwijaya Airlines,SJ 0275,2D -,,4,(#)
14:25 26 July,HKG Hong Kong,CX Cathay Pacific Airways,CX 3241,1A -,,A5,(#)
14:25 26 July,UPG Makassar,GA Garuda Indonesia,GA 0605,3U -,,U10,(#)
14:25 26 July,UPG Makassar,EY Etihad Airways,EY 7137,-,,U10,(#)
14:25 26 July,DTB Silangit,ID Batik Air,ID 6833,2E -,,9,(#)
14:30 26 July,UPG Makassar,JT Lion Airlines,JT 0793,1A -,,A4,(#)
14:30 26 July,SIN Singapore,3K Jetstar Airways,3K 0203,2F -,,11,(#)
14:30 26 July,SIN Singapore,EK Emirates,EK 7764,-,,11,(#)
14:30 26 July,PLM Palembang,GA Garuda Indonesia,GA 0111,3U -,,U11,(#)
14:30 26 July,SIN Singapore,QF Qantas Airways,QF 5203,-,,11,(#)
14:30 26 July,KNO Kualanamu,SJ Sriwijaya Airlines,SJ 0011,2D -,,2,(#)
14:35 26 July,PLM Palembang,JT Lion Airlines,JT 0345,1B -,,B3,(#)
14:35 26 July,PNK Pontianak,SJ Sriwijaya Airlines,SJ 0187,2D -,,3,(#)
14:40 26 July,PGK Pangkal Pinang,QG Citilink Indonesia,QG 0973,1C -,,C2,(#)
14:40 26 July,SUB Surabaya,ID Batik Air,ID 6575,2E -,,10,(#)
14:40 26 July,TJQ Tanjung Pandan,SJ Sriwijaya Airlines,SJ 0055,2D -,,4,(#)
14:45 26 July,TNJ Tanjung Pinang,GA Garuda Indonesia,GA 0287,3U -,,U12,(#)
14:45 26 July,BTH Batam,SJ Sriwijaya Airlines,SJ 0033,2D -,,3,(#)
14:45 26 July,MLG Malang,GA Garuda Indonesia,GA 0293,3U -,,U7,(#)
14:50 26 July,DJB Jambi,ID Batik Air,ID 6803,2E -,,8,(#)
14:50 26 July,PNK Pontianak,JT Lion Airlines,JT 0689,1A -,,A0,(#)
14:50 26 July,DPS Bali,JT Lion Airlines,JT 0041,1B -,,B5,(#)
14:50 26 July,KNO Kualanamu,GA Garuda Indonesia,GA 0187,3U -,,U9,(#)
14:50 26 July,PKU Pekanbaru,GA Garuda Indonesia,GA 0177,3U -,,U8,(#)
14:55 26 July,SIN Singapore,EY Etihad Airways,EY 8166,-,,U2,(#)
14:55 26 July,AUH Abu Dhabi,XY National Air Service,XY 3474,-,,U6,(#)
14:55 26 July,DMK Bangkok Don Mueang,QZ Air Asia Indonesia,QZ 0251,2F -,,14,(#)
14:55 26 July,PDG Padang,JT Lion Airlines,JT 0359,1B -,,B4,(#)
14:55 26 July,AUH Abu Dhabi,GA Garuda Indonesia,GA 9926,-,,U6,(#)
14:55 26 July,AUH Abu Dhabi,EY Etihad Airways,EY 0474,3U -,,U6,(#)
14:55 26 July,AUH Abu Dhabi,AZ Alitalia,AZ 5768,-,,U6,(#)
14:55 26 July,SIN Singapore,9W Jet Airways india,9W 4102,-,,U2,(#)
14:55 26 July,SIN Singapore,GA Garuda Indonesia,GA 0831,3U -,,U2,(#)
14:55 26 July,SIN Singapore,8M Myanmar Airways,8M 4831,-,,U2,(#)
15:00 26 July,SRG Semarang,PG Bangkok Airways Public Company Limeted,PG 4327,-,,U10,(#)
15:00 26 July,SRG Semarang,GA Garuda Indonesia,GA 0239,3U -,,U2,(#)
15:00 26 July,SMQ Sampit,IN Nam Air,IN 0171,2D -,,1,(#)
15:00 26 July,SOC Surakarta,QG Citilink Indonesia,QG 0761,1C -,,C3,(#)
15:00 26 July,SRG Semarang,GA Garuda Indonesia,GA 0239V,3U -,,U10,(#)
15:00 26 July,PKU Pekanbaru,QG Citilink Indonesia,QG 0937,1C -,,C4,(#)
15:05 26 July,KUL Kuala Lumpur,MH Malaysian Airlines,MH 0721,3U -,,U3,(#)
15:05 26 July,KUL Kuala Lumpur,QR Qatar Airways,QR 5000,-,,U3,(#)
15:05 26 July,SUB Surabaya,EY Etihad Airways,EY 8184,-,,U11,(#)
15:05 26 July,KUL Kuala Lumpur,GA Garuda Indonesia,GA 9271,-,,U3,(#)
15:05 26 July,SUB Surabaya,GA Garuda Indonesia,GA 0317,3U -,,U11,(#)
15:05 26 July,KUL Kuala Lumpur,FY Firefly Airline,FY 7387,-,,U3,(#)
15:10 26 July,SUB Surabaya,SJ Sriwijaya Airlines,SJ 0269,2D -,,1,(#)
15:10 26 July,BPN Balikpapan,SJ Sriwijaya Airlines,SJ 0161,2D -,,5,(#)
15:15 26 July,PEK Peking,GA Garuda Indonesia,GA 0891,3U -,,U4,(#)
15:20 26 July,SRI,ID Batik Air,ID 6257,2E -,,9,(#)
15:20 26 July,KNO Kualanamu,JT Lion Airlines,JT 0201,1B -,,B2,(#)
15:20 26 July,TKG Bandar Lampung,GA Garuda Indonesia,GA 0075,3U -,,U12,(#)
15:20 26 July,DPS Bali,QZ Air Asia Indonesia,QZ 0937X,2E -,,6,(#)
15:20 26 July,TKG Bandar Lampung,MH Malaysian Airlines,MH 5899,-,,U12,(#)
15:20 26 July,JOG Yogyakarta,ID Batik Air,ID 6373,2E -,,6,(#)
15:20 26 July,DOH Doha,QR Qatar Airways,QR 0956,3U -,,U5,(#)
15:25 26 July,UPG Makassar,QG Citilink Indonesia,QG 0251,1C -,,C5,(#)
15:25 26 July,RTB,WY Oman Airlines,WY 0850R,3U -,,,(#)
15:30 26 July,PKU Pekanbaru,JT Lion Airlines,JT 0291,1B -,,B3,(#)
15:30 26 July,SUB Surabaya,JT Lion Airlines,JT 0577,1A -,,A5,(#)
15:30 26 July,UPG Makassar,JT Lion Airlines,JT 0797,1A -,,A1,(#)
15:30 26 July,JOG Yogyakarta,GA Garuda Indonesia,GA 0209,3U -,,U7,(#)
15:35 26 July,DJB Jambi,JT Lion Airlines,JT 0603,1B -,,B1,(#)
15:35 26 July,BKS Bengkulu,QG Citilink Indonesia,QG 0991,1C -,,C1,(#)
15:35 26 July,DJJ Jayapura,GA Garuda Indonesia,GA 0653,3U -,,U8,(#)
15:35 26 July,KUL Kuala Lumpur,QZ Air Asia Indonesia,QZ 0201,2F -,,13,(#)
15:35 26 July,DJJ Jayapura,EY Etihad Airways,EY 7109,-,,U8,(#)
15:40 26 July,AAP,GA Garuda Indonesia,GA 0583,3U -,,U9,(#)
15:40 26 July,PLM Palembang,QG Citilink Indonesia,QG 0885,1C -,,C2,(#)
15:40 26 July,DXB Dubai,FZ Flydubai,FZ 6356,3U -,,U4,(#)
15:40 26 July,DXB Dubai,EK Emirates,EK 0356,3U -,,U4,(#)
15:40 26 July,SIN Singapore,JT Lion Airlines,JT 0155,2F -,,12,(#)
15:45 26 July,SYD Sydney,GA Garuda Indonesia,GA 0713,3U -,,U2,(#)
15:45 26 July,SYD Sydney,8M Myanmar Airways,8M 4713,-,,U2,(#)
15:45 26 July,ICN Seoul,GA Garuda Indonesia,GA 0879,3U -,,U1,(#)
15:45 26 July,SYD Sydney,KL KLM Royal Deutch Airlines,KL 4049,-,,U2,(#)
15:45 26 July,PVG Shanghai,GA Garuda Indonesia,GA 0895,3U -,,7,(#)
15:45 26 July,SYD Sydney,EY Etihad Airways,EY 8160,-,,U2,(#)
15:45 26 July,ICN Seoul,KE Korean Airlines,KE 5627,-,,U1,(#)
15:50 26 July,SIN Singapore,TR Scoot Tigerair Pte.Ltd,TR 0270,2F -,,11,(#)
15:50 26 July,LOP Praya,NH All Nippon,NH 5512,-,,U11,(#)
15:50 26 July,GNS Gunung Sitoli,GA Garuda Indonesia,GA 0261,3U -,,U10,(#)
15:50 26 July,LOP Praya,GA Garuda Indonesia,GA 0433,3U -,,U11,(#)
15:50 26 July,BTH Batam,SJ Sriwijaya Airlines,SJ 0033,2D -,,2,(#)
15:55 26 July,HND Tokyo Haneda,NH All Nippon,NH 0855,3U -,,U3,(#)
15:55 26 July,BDJ Banjarmasin,GA Garuda Indonesia,GA 0537,3U -,,U6,(#)
15:55 26 July,HND Tokyo Haneda,GA Garuda Indonesia,GA 9353,-,,U3,(#)
15:55 26 July,SRG Semarang,ID Batik Air,ID 6355,2E -,,10,(#)
15:55 26 July,PDG Padang,EY Etihad Airways,EY 8174,-,,U12,(#)
15:55 26 July,BTH Batam,QG Citilink Indonesia,QG 0943,1C -,,C4,(#)
15:55 26 July,BDJ Banjarmasin,GA Garuda Indonesia,GA 0537V,3U -,,U7,(#)
15:55 26 July,PDG Padang,GA Garuda Indonesia,GA 0165,3U -,,U12,(#)
15:55 26 July,BPN Balikpapan,QG Citilink Indonesia,QG 0425,1C -,,C3,(#)
16:00 26 July,DPS Bali,JT Lion Airlines,JT 0023,1B -,,B2,(#)
16:00 26 July,UPG Makassar,SJ Sriwijaya Airlines,SJ 0593,2D -,,1,(#)
16:00 26 July,PKY Palangkaraya,JT Lion Airlines,JT 0867,1A -,,A2,(#)
16:00 26 July,SIN Singapore,SQ Singapore Airlines,SQ 0960,3U -,,U2,(#)
16:00 26 July,SIN Singapore,VA Virgin Australia Airlines,VA 5628,3U -,,U2,(#)
16:05 26 July,SUB Surabaya,JT Lion Airlines,JT 0749,1A -,,A3,(#)
16:10 26 July,BKS Bengkulu,JT Lion Airlines,JT 0635,1B -,,B3,(#)
16:10 26 July,DPS Bali,QZ Air Asia Indonesia,QZ 7531,2E -,,7,(#)
16:10 26 July,PDG Padang,JT Lion Airlines,JT 0251,1B -,,B4,(#)
16:10 26 July,SMQ Sampit,IN Nam Air,IN 0171,2D -,,3,(#)
16:10 26 July,JOG Yogyakarta,QG Citilink Indonesia,QG 0775,1C -,,C5,(#)
16:15 26 July,MED Madinah,SV Saudi Arabian Airlines,SV 4317I,2D -,,,(#)
16:15 26 July,KNO Kualanamu,ID Batik Air,ID 6889,2E -,,8,(#)
16:15 26 July,MED Madinah,SV Saudi Arabian Airlines,SV 4419I,2D -,,,(#)
16:15 26 July,SIN Singapore,GA Garuda Indonesia,GA 0833,3U -,,U5,(#)
16:15 26 July,SIN Singapore,8M Myanmar Airways,8M 4833,-,,U5,(#)
16:20 26 July,PEN Penang,QG Citilink Indonesia,QG 0511,2F -,,14,(#)
16:20 26 July,KNO Kualanamu,JT Lion Airlines,JT 0387,1B -,,B5,(#)
16:20 26 July,DJJ Jayapura,GA Garuda Indonesia,GA 0659,3U -,,U8,(#)
16:25 26 July,JOG Yogyakarta,JL Japan Airlines,JL 6914,-,,U9,(#)
16:25 26 July,JOG Yogyakarta,GA Garuda Indonesia,GA 0211,3U -,,U9,(#)
16:25 26 July,JOG Yogyakarta,KL KLM Royal Deutch Airlines,KL 4037,-,,U9,(#)
16:30 26 July,KNO Kualanamu,GA Garuda Indonesia,GA 0189,3U -,,U10,(#)
16:30 26 July,PNK Pontianak,JT Lion Airlines,JT 0685,1A -,,A1,(#)
16:35 26 July,TKG Bandar Lampung,JT Lion Airlines,JT 0249,1B -,,B1,(#)
16:35 26 July,PLM Palembang,GA Garuda Indonesia,GA 0113,3U -,,U11,(#)
16:35 26 July,MLG Malang,SJ Sriwijaya Airlines,SJ 0249,2D -,,4,(#)
16:40 26 July,KUL Kuala Lumpur,JT Lion Airlines,JT 0281,2F -,,13,(#)
16:40 26 July,DPS Bali,KL KLM Royal Deutch Airlines,KL 4055,-,,U12,(#)
16:40 26 July,DPS Bali,TK Turkish Airlines,TK 9371,-,,U12,(#)
16:40 26 July,DPS Bali,GA Garuda Indonesia,GA 0411,3U -,,U12,(#)
16:40 26 July,SRG Semarang,GA Garuda Indonesia,GA 0241,3U -,,U7,(#)
16:45 26 July,PNK Pontianak,GA Garuda Indonesia,GA 0507,3U -,,U8,(#)
16:45 26 July,LOP Praya,JT Lion Airlines,JT 0647,1A -,,A4,(#)
16:45 26 July,TIM Tembagapura,FS Airfast Indonesia,FS 0233,1C -,,C1,(#)
16:50 26 July,DJB Jambi,SJ Sriwijaya Airlines,SJ 0061V,2D -,,5,(#)
16:50 26 July,TKG Bandar Lampung,JT Lion Airlines,JT 0249,1B -,,B1,(#)
16:50 26 July,NRT Tokyo,JL Japan Airlines,JL 0725,3U -,,U6,(#)
16:50 26 July,NRT Tokyo,HA HAWAIIAN AIRLINES,HA 5376,3U -,,U6,(#)
16:50 26 July,NRT Tokyo,GA Garuda Indonesia,GA 9153,3U -,,U6,(#)
16:50 26 July,DJB Jambi,SJ Sriwijaya Airlines,SJ 0061,2D -,,1,(#)
16:50 26 July,LBJ,GA Garuda Indonesia,GA 0453,3U -,,U9,(#)
16:50 26 July,PKN Pangkalan Bun,IN Nam Air,IN 0191,2D -,,2,(#)
17:00 26 July,DPS Bali,QG Citilink Indonesia,QG 0681,1C -,,C2,(#)
17:00 26 July,KUL Kuala Lumpur,QG Citilink Indonesia,QG 0529,2F -,,12,(#)
17:00 26 July,DPS Bali,ID Batik Air,ID 6505,2E -,,9,(#)
17:05 26 July,AMQ Ambon,KL KLM Royal Deutch Airlines,KL 4027,-,,U10,(#)
17:05 26 July,DTB Silangit,SJ Sriwijaya Airlines,SJ 0891,2D -,,1,(#)
17:05 26 July,AMQ Ambon,GA Garuda Indonesia,GA 0647,3U -,,U10,(#)
17:10 26 July,PLM Palembang,SJ Sriwijaya Airlines,SJ 0085,2D -,,2,(#)
17:10 26 July,KOE Kupang,TK Turkish Airlines,TK 9361,-,,U11,(#)
17:10 26 July,PLM Palembang,JT Lion Airlines,JT 0347,1B -,,B2,(#)
17:10 26 July,PKN Pangkalan Bun,IN Nam Air,IN 0191,2D -,,3,(#)
17:10 26 July,SIN Singapore,VA Virgin Australia Airlines,VA 5584,-,,U1,(#)
17:10 26 July,MDC Manado,ID Batik Air,ID 6273,2E -,,9,(#)
17:10 26 July,LBJ,ID Batik Air,ID 6523,2E -,,8,(#)
17:10 26 July,DPS Bali,ID Batik Air,ID 6060,2E -,,10,(#)
17:10 26 July,SIN Singapore,SQ Singapore Airlines,SQ 0962,3U -,,U1,(#)
17:10 26 July,KOE Kupang,GA Garuda Indonesia,GA 0439,3U -,,U11,(#)
17:20 26 July,UPG Makassar,JT Lion Airlines,JT 0779,1A -,,A5,(#)
17:20 26 July,SIN Singapore,QF Qantas Airways,QF 5207,2F -,,13,(#)
17:20 26 July,SIN Singapore,ID Batik Air,ID 7156,2F -,,11,(#)
17:20 26 July,UPG Makassar,ID Batik Air,ID 6285,2E -,,10,(#)
17:20 26 July,SIN Singapore,3K Jetstar Airways,3K 0207,2F -,,13,(#)
17:25 26 July,SUB Surabaya,JL Japan Airlines,JL 6912,-,,U7,(#)
17:25 26 July,SUB Surabaya,NH All Nippon,NH 5542,-,,U7,(#)
17:25 26 July,AMS Amsterdam,GA Garuda Indonesia,GA 9089,-,,U2,(#)
17:25 26 July,AMS Amsterdam,AF Air France,AF 8399,-,,U2,(#)
17:25 26 July,SUB Surabaya,GA Garuda Indonesia,GA 0321,3U -,,U7,(#)
17:25 26 July,AMS Amsterdam,KL KLM Royal Deutch Airlines,KL 0809,3U -,,U2,(#)
17:25 26 July,AMS Amsterdam,DL DELTA AIRLINES,DL 8210,-,,U2,(#)
17:25 26 July,GTO Gorontalo,GA Garuda Indonesia,GA 0643,3U -,,U12,(#)
17:30 26 July,PNK Pontianak,JT Lion Airlines,JT 0715,1A -,,A1,(#)
17:30 26 July,HND Tokyo Haneda,GA Garuda Indonesia,GA 0875,3U -,,U3,(#)
17:30 26 July,BTH Batam,JT Lion Airlines,JT 0379,1B -,,B3,(#)
17:30 26 July,SOC Surakarta,GA Garuda Indonesia,GA 0221,3U -,,U9,(#)
17:30 26 July,HND Tokyo Haneda,JL Japan Airlines,JL 5011,-,,U3,(#)
17:30 26 July,TJQ Tanjung Pandan,GA Garuda Indonesia,GA 0285,3U -,,U8,(#)
17:30 26 July,PDG Padang,JT Lion Airlines,JT 0355,1B -,,B4,(#)
17:30 26 July,BTH Batam,JT Lion Airlines,JT 0379,1B -,,B3,(#)
17:35 26 July,KUL Kuala Lumpur,FY Firefly Airline,FY 7389,-,,U4,(#)
17:35 26 July,SRI,QG Citilink Indonesia,QG 0423,1C -,,C4,(#)
17:35 26 July,KUL Kuala Lumpur,MH Malaysian Airlines,MH 0723,3U -,,U4,(#)
17:35 26 July,KUL Kuala Lumpur,QR Qatar Airways,QR 5002,-,,U4,(#)
17:35 26 July,KUL Kuala Lumpur,GA Garuda Indonesia,GA 9273,-,,U4,(#)
17:40 26 July,PKU Pekanbaru,ID Batik Air,ID 6857,2E -,,8,(#)
17:40 26 July,MDC Manado,JT Lion Airlines,JT 0743,1A -,,A2,(#)
17:40 26 July,JOG Yogyakarta,NH All Nippon,NH 5504,-,,U10,(#)
17:40 26 July,JOG Yogyakarta,GA Garuda Indonesia,GA 0213,3U -,,U10,(#)
17:40 26 July,DPS Bali,QZ Air Asia Indonesia,QZ 7527,2E -,,6,(#)
17:45 26 July,MEL Melbourne,GA Garuda Indonesia,GA 0717,3U -,,U6,(#)
17:45 26 July,BKK Bangkok,GA Garuda Indonesia,GA 0867,3U -,,U5,(#)
17:45 26 July,MEL Melbourne,KL KLM Royal Deutch Airlines,KL 4051,-,,U6,(#)
17:45 26 July,JOG Yogyakarta,QZ Air Asia Indonesia,QZ 7551,2E -,,7,(#)
17:50 26 July,BPN Balikpapan,ID Batik Air,ID 6259,2E -,,12,(#)
17:50 26 July,DPS Bali,QG Citilink Indonesia,QG 0683,1C -,,C5,(#)
17:55 26 July,SRI,ID Batik Air,ID 6673,2E -,,9,(#)
17:55 26 July,BDJ Banjarmasin,JT Lion Airlines,JT 0525,1A -,,A2,(#)
17:55 26 July,BKK Bangkok,TG Thai International Airways,TG 0435,3U -,,U1,(#)
18:00 26 July,JED Jeddah,SV Saudi Arabian Airlines,SV 0818,3U -,,U3,(#)
18:00 26 July,TKG Bandar Lampung,GA Garuda Indonesia,GA 0077,3U -,,U11,(#)
18:00 26 July,TKG Bandar Lampung,SJ Sriwijaya Airlines,SJ 0069,2D -,,4,(#)
18:00 26 July,IST Istanbul,TK Turkish Airlines,TK 0056,3U -,,U4,(#)
18:00 26 July,IST Istanbul,GA Garuda Indonesia,GA 9095,-,,U4,(#)
18:05 26 July,SIN Singapore,JT Lion Airlines,JT 0157,2D -,,4,(#)
18:05 26 July,SIN Singapore,OZ Asiana Airlines,OZ 6796,3U -,,U6,(#)
18:05 26 July,SIN Singapore,VA Virgin Australia Airlines,VA 5360,3U -,,U6,(#)
18:05 26 July,SIN Singapore,SQ Singapore Airlines,SQ 0964,3U -,,U6,(#)
18:10 26 July,DPS Bali,JT Lion Airlines,JT 0015,1B -,,B5,(#)
18:15 26 July,TIM Tembagapura,FS Airfast Indonesia,FS 0230,1C -,,C1,(#)
18:15 26 July,MED Madinah,SV Saudi Arabian Airlines,SV 4511I,2D -,,,(#)
18:15 26 July,PLM Palembang,SJ Sriwijaya Airlines,SJ 0283,2D -,,5,(#)
18:20 26 July,SRG Semarang,JT Lion Airlines,JT 0503,1A -,,A3,(#)
18:20 26 July,SUB Surabaya,JT Lion Airlines,JT 0693,1A -,,A4,(#)
18:20 26 July,DPS Bali,UX air europa,UX 3276,-,,U10,(#)
18:20 26 July,PLM Palembang,GA Garuda Indonesia,GA 0115,3U -,,U12,(#)
18:20 26 July,DPS Bali,GA Garuda Indonesia,GA 0419,3U -,,U10,(#)
18:20 26 July,SUB Surabaya,JT Lion Airlines,JT 0599,1A -,,A4,(#)
18:25 26 July,PKU Pekanbaru,GA Garuda Indonesia,GA 0179,3U -,,U8,(#)
18:25 26 July,MRB Muara Bungo,IN Nam Air,IN 0091,2D -,,1,(#)
18:25 26 July,PGK Pangkal Pinang,SJ Sriwijaya Airlines,SJ 0077,2D -,,1,(#)
18:30 26 July,KNO Kualanamu,JT Lion Airlines,JT 0383,1B -,,B3,(#)
18:30 26 July,TKG Bandar Lampung,JT Lion Airlines,JT 0123,1B -,,B2,(#)
18:30 26 July,KOE Kupang,GA Garuda Indonesia,GA 0457,3U -,,U10,(#)
18:30 26 July,KNO Kualanamu,GA Garuda Indonesia,GA 0121,3U -,,U9,(#)
18:30 26 July,TTE Ternate,ID Batik Air,ID 6141,2E -,,10,(#)
18:30 26 July,TJQ Tanjung Pandan,SJ Sriwijaya Airlines,SJ 0053,2D -,,2,(#)
18:30 26 July,BTH Batam,GA Garuda Indonesia,GA 0157,3U -,,U11,(#)
18:35 26 July,SIN Singapore,GA Garuda Indonesia,GA 0835,3U -,,U2,(#)
18:35 26 July,TTE Ternate,GA Garuda Indonesia,GA 0601,3U -,,U12,(#)
18:35 26 July,PDG Padang,GA Garuda Indonesia,GA 0167,3U -,,U8,(#)
18:35 26 July,TTE Ternate,NH All Nippon,NH 5516,-,,U12,(#)
18:35 26 July,SUB Surabaya,GA Garuda Indonesia,GA 3034X,3U -,,U9,(#)
18:35 26 July,TTE Ternate,EY Etihad Airways,EY 7131,-,,U12,(#)
18:35 26 July,BTJ Aceh,GA Garuda Indonesia,GA 0147,3U -,,U7,(#)
18:40 26 July,SYD Sydney,QF Qantas Airways,QF 0041,3U -,,U1,(#)
18:40 26 July,TIM Tembagapura,GA Garuda Indonesia,GA 0655,3U -,,U10,(#)
18:45 26 July,TJQ Tanjung Pandan,IN Nam Air,IN 0057,2D -,,2,(#)
18:45 26 July,KOE Kupang,ID Batik Air,ID 6549,1C -,,C2,(#)
18:45 26 July,DPS Bali,SJ Sriwijaya Airlines,SJ 0273,2D -,,3,(#)
18:50 26 July,DPS Bali,ID Batik Air,ID 6513,2E -,,6,(#)
18:50 26 July,PEN Penang,QZ Air Asia Indonesia,QZ 0227,2F -,,13,(#)
18:50 26 July,PNK Pontianak,JT Lion Airlines,JT 0725,1A -,,A2,(#)
18:55 26 July,SOC Surakarta,JT Lion Airlines,JT 0539,1A -,,A5,(#)
18:55 26 July,PDG Padang,SJ Sriwijaya Airlines,SJ 0021,2D -,,4,(#)
18:55 26 July,SRG Semarang,GA Garuda Indonesia,GA 0245,3U -,,8,(#)
18:55 26 July,SRG Semarang,NH All Nippon,NH 5506,-,,8,(#)
19:00 26 July,SUB Surabaya,QG Citilink Indonesia,QG 0719,1C -,,C1,(#)
19:00 26 July,LUW Luwuk,ID Batik Air,ID 6291,2E -,,8,(#)
19:00 26 July,DJB Jambi,GA Garuda Indonesia,GA 0135,3U -,,U11,(#)
19:00 26 July,DMK Bangkok Don Mueang,SL THAI LION AIR,SL 0114,2F -,,,(#)
19:00 26 July,PNH Phnom Penh,QG Citilink Indonesia,QG 0513,2F -,,12,(#)
19:00 26 July,KUL Kuala Lumpur,QZ Air Asia Indonesia,QZ 0209,2F -,,11,(#)
19:05 26 July,SUB Surabaya,QZ Air Asia Indonesia,QZ 0947X,2E -,,6,(#)
19:05 26 July,KUL Kuala Lumpur,UL Sri Lankan Airlines,UL 2725,-,,U1,(#)
19:05 26 July,KUL Kuala Lumpur,GA Garuda Indonesia,GA 9275,-,,U1,(#)
19:05 26 July,KUL Kuala Lumpur,FY Firefly Airline,FY 7391,-,,U1,(#)
19:05 26 July,KUL Kuala Lumpur,MH Malaysian Airlines,MH 0725,3U -,,U1,(#)
19:10 26 July,SRG Semarang,QG Citilink Indonesia,QG 0799,1C -,,C3,(#)
19:10 26 July,DPS Bali,ID Batik Air,ID 6517,2E -,,9,(#)
19:10 26 July,PKY Palangkaraya,GA Garuda Indonesia,GA 0553,3U -,,U12,(#)
19:10 26 July,UPG Makassar,JT Lion Airlines,JT 0777,1A -,,A1,(#)
19:10 26 July,JOG Yogyakarta,ID Batik Air,ID 6375,2E -,,10,(#)
19:10 26 July,KUL Kuala Lumpur,JT Lion Airlines,JT 0289,2F -,,14,(#)
19:15 26 July,DPS Bali,GA Garuda Indonesia,GA 0417,3U -,,U10,(#)
19:15 26 July,SIN Singapore,TR Scoot Tigerair Pte.Ltd,TR 0278,2F -,,13,(#)
19:15 26 July,PNK Pontianak,GA Garuda Indonesia,GA 0515,3U -,,U8,(#)
19:15 26 July,DPS Bali,NH All Nippon,NH 5543,-,,U10,(#)
19:15 26 July,UPG Makassar,SJ Sriwijaya Airlines,SJ 0589,2D -,,5,(#)
19:15 26 July,DPS Bali,UX air europa,UX 3270,-,,U10,(#)
19:15 26 July,DPS Bali,EY Etihad Airways,EY 8191,-,,U10,(#)
19:20 26 July,SIN Singapore,LH Lufthansa AIrlines,LH 9794,-,,U2,(#)
19:20 26 July,PKU Pekanbaru,ID Batik Air,ID 6849,2E -,,6,(#)
19:20 26 July,SIN Singapore,SQ Singapore Airlines,SQ 0966,3U -,,U2,(#)
19:20 26 July,UPG Makassar,SJ Sriwijaya Airlines,SJ 0583,2D -,,1,(#)
19:20 26 July,PGK Pangkal Pinang,IN Nam Air,IN 0079,2D -,,2,(#)
19:20 26 July,SIN Singapore,VA Virgin Australia Airlines,VA 5632,-,,U2,(#)
19:25 26 July,UPG Makassar,GA Garuda Indonesia,GA 0609,3U -,,U9,(#)
19:25 26 July,KUL Kuala Lumpur,KL KLM Royal Deutch Airlines,KL 4033,3U -,,U3,(#)
19:25 26 July,KUL Kuala Lumpur,EY Etihad Airways,EY 8154,3U -,,U3,(#)
19:25 26 July,UPG Makassar,EY Etihad Airways,EY 8131,-,,U9,(#)
19:25 26 July,KUL Kuala Lumpur,MH Malaysian Airlines,MH 5895,3U -,,U3,(#)
19:25 26 July,KNO Kualanamu,GA Garuda Indonesia,GA 0191,3U -,,U10,(#)
19:25 26 July,KUL Kuala Lumpur,GA Garuda Indonesia,GA 0817,3U -,,U3,(#)
19:25 26 July,UPG Makassar,NH All Nippon,NH 5518,-,,U9,(#)
19:25 26 July,UPG Makassar,GA Garuda Indonesia,GA 0609,3U -,,U9,(#)
19:30 26 July,BDJ Banjarmasin,GA Garuda Indonesia,GA 0529,3U -,,U11,(#)
19:30 26 July,PGK Pangkal Pinang,JT Lion Airlines,JT 0619,1B -,,B1,(#)
19:30 26 July,DPS Bali,EY Etihad Airways,EY 8130,-,,U12,(#)
19:30 26 July,DPS Bali,GA Garuda Indonesia,GA 0421,3U -,,U12,(#)
19:30 26 July,DPS Bali,AM aero mexico,AM 7404,-,,U12,(#)
19:30 26 July,SRG Semarang,IN Nam Air,IN 0223,2D -,,3,(#)
19:40 26 July,MRB Muara Bungo,IN Nam Air,IN 0091,2D -,,4,(#)
19:40 26 July,SIN Singapore,GA Garuda Indonesia,GA 0837,3U -,,U5,(#)
19:40 26 July,SIN Singapore,MF Xiamen Airline,MF 9503,-,,U5,(#)
19:40 26 July,SIN Singapore,KL KLM Royal Deutch Airlines,KL 4043,-,,U5,(#)
19:40 26 July,TKG Bandar Lampung,GA Garuda Indonesia,GA 0079,3U -,,U8,(#)
19:40 26 July,JOG Yogyakarta,KL KLM Royal Deutch Airlines,KL 4073,-,,U7,(#)
19:40 26 July,HKG Hong Kong,BA British  Airlines,BA 4573,-,,U4,(#)
19:40 26 July,SIN Singapore,AF Air France,AF 3935,-,,U5,(#)
19:40 26 July,JOG Yogyakarta,GA Garuda Indonesia,GA 0215,3U -,,U7,(#)
19:40 26 July,PDG Padang,JT Lion Airlines,JT 0357,1B -,,B2,(#)
19:40 26 July,HKG Hong Kong,CX Cathay Pacific Airways,CX 0719,3U -,,U4,(#)
19:40 26 July,PEN Penang,QG Citilink Indonesia,QG 0509,2F -,,11,(#)
19:45 26 July,SIN Singapore,AY Finnair,AY 6407,2F -,,,(#)
19:45 26 July,SIN Singapore,3K Jetstar Airways,3K 0211,2F -,,11,(#)
19:45 26 July,SIN Singapore,QF Qantas Airways,QF 5211,2F -,,,(#)
19:50 26 July,BTH Batam,2Y My indo,2Y 0041,1A -,,,(#)
19:50 26 July,PNK Pontianak,SJ Sriwijaya Airlines,SJ 0183,2D -,,5,(#)
19:50 26 July,SRG Semarang,IN Nam Air,IN 0223,2D -,,3,(#)
19:50 26 July,JHB Johor Bahru,AK Air Asia Benhard,AK 1112,2F -,,12,(#)
19:50 26 July,SUB Surabaya,ID Batik Air,ID 6581,2E -,,8,(#)
19:50 26 July,DPS Bali,QG Citilink Indonesia,QG 0685,1C -,,C3,(#)
19:50 26 July,DPS Bali,QZ Air Asia Indonesia,QZ 7515,2E -,,7,(#)
19:55 26 July,TJQ Tanjung Pandan,IN Nam Air,IN 0057,2D -,,1,(#)
20:00 26 July,BTH Batam,QG Citilink Indonesia,QG 0945,1C -,,C2,(#)
20:00 26 July,KUL Kuala Lumpur,AK Air Asia Benhard,AK 0386,2F -,,11,(#)
20:05 26 July,SOC Surakarta,GA Garuda Indonesia,GA 0229,3U -,,U10,(#)
20:05 26 July,SOC Surakarta,EY Etihad Airways,EY 8179,-,,U10,(#)
20:05 26 July,DPS Bali,EY Etihad Airways,EY 8190,-,,U9,(#)
20:05 26 July,DPS Bali,GA Garuda Indonesia,GA 0415,3U -,,U9,(#)
20:10 26 July,HGR Hagerstown,GA Garuda Indonesia,GA 0003,HG -,,,(#)
20:10 26 July,CAN Guangzhou,GA Garuda Indonesia,GA 0899,3U -,,U6,(#)
20:10 26 July,JED Jeddah,SV Saudi Arabian Airlines,SV 0826,3U -,,U1,(#)
20:15 26 July,MED Madinah,SV Saudi Arabian Airlines,SV 4513I,2D -,,,(#)
20:15 26 July,SUB Surabaya,GA Garuda Indonesia,GA 0325V,3U -,,U11,(#)
20:15 26 July,SUB Surabaya,KL KLM Royal Deutch Airlines,KL 4069,-,,U11,(#)
20:15 26 July,SUB Surabaya,GA Garuda Indonesia,GA 0325,3U -,,U11,(#)
20:20 26 July,JOG Yogyakarta,JT Lion Airlines,JT 0555,1A -,,A0,(#)
20:20 26 July,UPG Makassar,ID Batik Air,ID 6269,2E -,,1,(#)
20:20 26 July,SIN Singapore,QZ Air Asia Indonesia,QZ 0265,2F -,,14,(#)
20:20 26 July,KDI Kendari,ID Batik Air,ID 6725,2E -,,9,(#)
20:25 26 July,SUB Surabaya,QZ Air Asia Indonesia,QZ 7693,2F -,,6,(#)
20:25 26 July,PLM Palembang,GA Garuda Indonesia,GA 0119,3U -,,U12,(#)
20:30 26 July,DPS Bali,JT Lion Airlines,JT 0043,1B -,,B4,(#)
20:30 26 July,ICN Seoul,GA Garuda Indonesia,GA 9963,3U -,,U6,(#)
20:30 26 July,ICN Seoul,DL DELTA AIRLINES,DL 7913,3U -,,U6,(#)
20:30 26 July,KNO Kualanamu,JT Lion Airlines,JT 0385,1B -,,B3,(#)
20:30 26 July,KNO Kualanamu,ID Batik Air,ID 6891,2E -,,10,(#)
20:30 26 July,ICN Seoul,KE Korean Airlines,KE 0627,3U -,,U6,(#)
20:35 26 July,HKG Hong Kong,CI China Airlines,CI 0671,3U -,,U3,(#)
20:35 26 July,SRG Semarang,GA Garuda Indonesia,GA 0247,3U -,,U7,(#)
20:40 26 July,PKU Pekanbaru,JT Lion Airlines,JT 0295,1B -,,B5,(#)
20:40 26 July,SIN Singapore,JT Lion Airlines,JT 0151,2F -,,14,(#)
20:40 26 July,KUL Kuala Lumpur,JT Lion Airlines,JT 0285,2F -,,12,(#)
20:45 26 July,SUB Surabaya,SJ Sriwijaya Airlines,SJ 0267,2D -,,3,(#)
20:45 26 July,BTH Batam,GA Garuda Indonesia,GA 0159,3U -,,U9,(#)
20:45 26 July,SUB Surabaya,QG Citilink Indonesia,QG 0721,1C -,,C4,(#)
20:45 26 July,PKU Pekanbaru,GA Garuda Indonesia,GA 0199,3U -,,U8,(#)
20:45 26 July,KUL Kuala Lumpur,AK Air Asia Benhard,AK 0353,2F -,,11,(#)
20:45 26 July,SOC Surakarta,SJ Sriwijaya Airlines,SJ 0215,2D -,,2,(#)
20:50 26 July,BKK Bangkok,GA Garuda Indonesia,GA 0869,3U -,,U8,(#)
20:50 26 July,UPG Makassar,JT Lion Airlines,JT 0875,1A -,,A1,(#)
20:50 26 July,SUB Surabaya,ID Batik Air,ID 7579,2E -,,8,(#)
20:50 26 July,TKG Bandar Lampung,SJ Sriwijaya Airlines,SJ 0087,2D -,,4,(#)
20:55 26 July,PDG Padang,QG Citilink Indonesia,QG 0955,1C -,,C2,(#)
20:55 26 July,BDJ Banjarmasin,QG Citilink Indonesia,QG 0491,1C -,,C5,(#)
20:55 26 July,SIN Singapore,3K Jetstar Airways,3K 0205,2F -,,14,(#)
20:55 26 July,BPN Balikpapan,GA Garuda Indonesia,GA 0575,3U -,,U10,(#)
20:55 26 July,SIN Singapore,AY Finnair,AY 6409,-,,14,(#)
20:55 26 July,BPN Balikpapan,EY Etihad Airways,EY 8140,-,,U10,(#)
20:55 26 July,BPN Balikpapan,KL KLM Royal Deutch Airlines,KL 4072,-,,U10,(#)
20:55 26 July,SIN Singapore,QF Qantas Airways,QF 5205,-,,14,(#)
21:00 26 July,BTJ Aceh,JT Lion Airlines,JT 0307,1B -,,B1,(#)
21:00 26 July,KNO Kualanamu,GA Garuda Indonesia,GA 0193,3U -,,U7,(#)
21:00 26 July,HGR Hagerstown,FS Airfast Indonesia,FS 0001,1C -,,C2,(#)
21:00 26 July,UPG Makassar,ID Batik Air,ID 6231,2E -,,9,(#)
21:00 26 July,KNO Kualanamu,EY Etihad Airways,EY 8172,-,,U7,(#)
21:00 26 July,KNO Kualanamu,SJ Sriwijaya Airlines,SJ 0017,2D -,,1,(#)
21:00 26 July,BTJ Aceh,JT Lion Airlines,JT 0305,1B -,,B2,(#)
21:00 26 July,DJB Jambi,QG Citilink Indonesia,QG 0967,1C -,,C1,(#)
21:00 26 July,TKG Bandar Lampung,IN Nam Air,IN 0099,2D -,,1,(#)
21:05 26 July,BPN Balikpapan,SJ Sriwijaya Airlines,SJ 0169,2D -,,2,(#)
21:10 26 July,SUB Surabaya,KL KLM Royal Deutch Airlines,KL 4042,-,,U8,(#)
21:10 26 July,SUB Surabaya,EY Etihad Airways,EY 8164,-,,U8,(#)
21:10 26 July,TRK Tarakan,JT Lion Airlines,JT 0627,1A -,,A2,(#)
21:10 26 July,JOG Yogyakarta,SJ Sriwijaya Airlines,SJ 0235,2D -,,3,(#)
21:10 26 July,HGR Hagerstown,GA Garuda Indonesia,GA 0004,HG -,,,(#)
21:10 26 July,SUB Surabaya,GA Garuda Indonesia,GA 0327,3U -,,U8,(#)
21:10 26 July,TRK Tarakan,JT Lion Airlines,JT 0627,1A -,,A2,(#)
21:10 26 July,HGR Hagerstown,GA Garuda Indonesia,GA 0004,HG -,,,(#)
21:15 26 July,DOH Doha,QR Qatar Airways,QR 0954V,3U -,,U5,(#)
21:15 26 July,SIN Singapore,EY Etihad Airways,EY 8158,-,,U6,(#)
21:15 26 July,CAN Guangzhou,MF Xiamen Airline,MF 9055,-,,U4,(#)
21:15 26 July,SIN Singapore,PG Bangkok Airways Public Company Limeted,PG 4309,-,,U6,(#)
21:15 26 July,SIN Singapore,GA Garuda Indonesia,GA 0839,3U -,,U6,(#)
21:15 26 July,DOH Doha,QR Qatar Airways,QR 0954,3U -,,U5,(#)
21:15 26 July,DMK Bangkok Don Mueang,QZ Air Asia Indonesia,QZ 0257,2F -,,13,(#)
21:15 26 July,CAN Guangzhou,GA Garuda Indonesia,GA 9989,-,,U4,(#)
21:15 26 July,SIN Singapore,AF Air France,AF 3927,-,,U6,(#)
21:15 26 July,CAN Guangzhou,CZ China Southern 388,CZ 0387,3U -,,U4,(#)
21:20 26 July,BPN Balikpapan,ID Batik Air,ID 6255,2E -,,8,(#)
21:20 26 July,SRG Semarang,QG Citilink Indonesia,QG 0793,1C -,,C3,(#)
21:20 26 July,HKG Hong Kong,GA Garuda Indonesia,GA 0863,3U -,,U2,(#)
21:20 26 July,MDC Manado,SJ Sriwijaya Airlines,SJ 0603,2D -,,4,(#)
21:20 26 July,UPG Makassar,GA Garuda Indonesia,GA 0613,3U -,,U9,(#)
21:20 26 July,PLM Palembang,QG Citilink Indonesia,QG 0981,1C -,,C4,(#)
21:20 26 July,UPG Makassar,EY Etihad Airways,EY 8148,-,,U9,(#)
21:20 26 July,JOG Yogyakarta,JT Lion Airlines,JT 0545,1A -,,A3,(#)
21:20 26 July,MDC Manado,SJ Sriwijaya Airlines,SJ 0603N,2D -,,4,(#)
21:20 26 July,DPS Bali,EY Etihad Airways,EY 8192,-,,U10,(#)
21:20 26 July,DPS Bali,GA Garuda Indonesia,GA 0423,3U -,,U10,(#)
21:20 26 July,DPS Bali,AM aero mexico,AM 7406,-,,U10,(#)
21:25 26 July,DPS Bali,SJ Sriwijaya Airlines,SJ 0261,2D -,,1,(#)
21:25 26 July,SUB Surabaya,QG Citilink Indonesia,QG 0723,1C -,,C1,(#)
21:25 26 July,DPS Bali,QG Citilink Indonesia,QG 0687,1C -,,C1,(#)
21:30 26 July,PER Perth,GA Garuda Indonesia,GA 0725,3U -,,U1,(#)
21:30 26 July,PER Perth,8M Myanmar Airways,8M 4725,-,,U1,(#)
21:30 26 July,JOG Yogyakarta,ID Batik Air,ID 6367,2E -,,9,(#)
21:30 26 July,SUB Surabaya,ID Batik Air,ID 6309,2E -,,8,(#)
21:30 26 July,KNO Kualanamu,JT Lion Airlines,JT 0309,1B -,,B2,(#)
21:30 26 July,PKU Pekanbaru,ID Batik Air,ID 6853,2E -,,10,(#)
21:30 26 July,SOC Surakarta,JT Lion Airlines,JT 0533,1A -,,A3,(#)
21:30 26 July,PER Perth,KL KLM Royal Deutch Airlines,KL 4045,-,,U1,(#)
21:30 26 July,PER Perth,EY Etihad Airways,EY 8162,-,,U1,(#)
21:35 26 July,KUL Kuala Lumpur,OD MALINDO AIRLINES,OD 0318,2F -,,12,(#)
21:40 26 July,SUB Surabaya,SJ Sriwijaya Airlines,SJ 0255,2D -,,1,(#)
21:40 26 July,PNK Pontianak,JT Lion Airlines,JT 0717,1A -,,A1,(#)
21:40 26 July,DPS Bali,ID Batik Air,ID 6515,2E -,,9,(#)
21:40 26 July,PNK Pontianak,QG Citilink Indonesia,QG 0411,1C -,,C5,(#)
21:45 26 July,DPS Bali,GA Garuda Indonesia,GA 0413,3U -,,U12,(#)
21:45 26 July,JOG Yogyakarta,GA Garuda Indonesia,GA 0217,3U -,,U11,(#)
21:45 26 July,DPS Bali,QG Citilink Indonesia,QG 0689,1C -,,C1,(#)
21:50 26 July,UPG Makassar,ID Batik Air,ID 6183,2E -,,10,(#)
21:50 26 July,PLM Palembang,SJ Sriwijaya Airlines,SJ 0081,2D -,,2,(#)
21:50 26 July,SUB Surabaya,JT Lion Airlines,JT 0889,1A -,,A4,(#)
21:55 26 July,SUB Surabaya,JT Lion Airlines,JT 0697,1A -,,A5,(#)
21:55 26 July,KNO Kualanamu,QG Citilink Indonesia,QG 0919,1C -,,C2,(#)
21:55 26 July,SUB Surabaya,QG Citilink Indonesia,QG 0725,1C -,,C3,(#)
22:00 26 July,PDG Padang,JT Lion Airlines,JT 0255,1B -,,B3,(#)
22:00 26 July,TKG Bandar Lampung,SJ Sriwijaya Airlines,SJ 0861I,2D -,,3,(#)
22:10 26 July,DPS Bali,QZ Air Asia Indonesia,QZ 7533,2E -,,6,(#)
22:10 26 July,PLM Palembang,JT Lion Airlines,JT 0843,1B -,,B3,(#)
22:10 26 July,DXB Dubai,FZ Flydubai,FZ 6358,-,,U2,(#)
22:10 26 July,DXB Dubai,EK Emirates,EK 0358,3U -,,U2,(#)
22:10 26 July,PKU Pekanbaru,QG Citilink Indonesia,QG 0939,1C -,,C5,(#)
22:15 26 July,DPS Bali,WY Oman Airlines,WY 5425,-,,U10,(#)
22:15 26 July,MED Madinah,SV Saudi Arabian Airlines,SV 4515I,2D -,,,(#)
22:15 26 July,ICN Seoul,OZ Asiana Airlines,OZ 0761,3U -,,U3,(#)
22:15 26 July,TKG Bandar Lampung,SJ Sriwijaya Airlines,SJ 0863I,2D -,,4,(#)
22:15 26 July,DPS Bali,GA Garuda Indonesia,GA 0425,3U -,,U10,(#)
22:15 26 July,KNO Kualanamu,QG Citilink Indonesia,QG 0883,1C -,,C4,(#)
22:20 26 July,SIN Singapore,JT Lion Airlines,JT 0159,2F -,,12,(#)
22:25 26 July,KNO Kualanamu,ID Batik Air,ID 6887,2E -,,8,(#)
22:30 26 July,SRG Semarang,2Y My indo,2Y 0205,1A -,,,(#)
22:30 26 July,XMN Xiamen,GA Garuda Indonesia,GA 9728,3U -,,U5,(#)
22:30 26 July,PVG Shanghai,MU China Eastern,MU 5069,3U -,,U4,(#)
22:30 26 July,XMN Xiamen,MF Xiamen Airline,MF 0867,3U -,,U4,(#)
22:30 26 July,XMN Xiamen,CZ China Southern 388,CZ 7427,3U -,,U5,(#)
22:35 26 July,DMK Bangkok Don Mueang,SL THAI LION AIR,SL 0118,2F -,,14,(#)
22:40 26 July,SIN Singapore,SQ Singapore Airlines,SQ 0968,3U -,,U1,(#)
22:40 26 July,AUH Abu Dhabi,XY National Air Service,XY 3472,-,,U6,(#)
22:40 26 July,AUH Abu Dhabi,GA Garuda Indonesia,GA 9044,-,,U6,(#)
22:40 26 July,AUH Abu Dhabi,EY Etihad Airways,EY 0472,3U -,,U6,(#)
22:40 26 July,AUH Abu Dhabi,AZ Alitalia,AZ 5718,-,,U6,(#)
22:40 26 July,SIN Singapore,VA Virgin Australia Airlines,VA 5634,-,,U1,(#)
22:45 26 July,FOC Fuzhou,GA Garuda Indonesia,GA 9732,-,,U2,(#)
22:45 26 July,SIN Singapore,QZ Air Asia Indonesia,QZ 0269,2F -,,13,(#)
22:45 26 July,FOC Fuzhou,MF Xiamen Airline,MF 0821,3U -,,U2,(#)
22:45 26 July,FOC Fuzhou,CZ China Southern 388,CZ 7445,-,,U2,(#)
22:50 26 July,KNO Kualanamu,QG Citilink Indonesia,QG 0921,1C -,,C1,(#)
22:50 26 July,HKG Hong Kong,BA British  Airlines,BA 4575,-,,U3,(#)
22:50 26 July,SUB Surabaya,QG Citilink Indonesia,QG 0737,1C -,,C5,(#)
22:50 26 July,UPG Makassar,QG Citilink Indonesia,QG 0427,1C -,,C2,(#)
22:50 26 July,HKG Hong Kong,AA AMERICAN AIRLINE,AA 8917,-,,U3,(#)
22:50 26 July,DPS Bali,ID Batik Air,ID 6519,2E -,,9,(#)
22:50 26 July,HKG Hong Kong,CX Cathay Pacific Airways,CX 0797,3U -,,U3,(#)
22:55 26 July,PDG Padang,GA Garuda Indonesia,GA 0169,3U -,,U12,(#)
22:55 26 July,PDG Padang,EY Etihad Airways,EY 8173,-,,U12,(#)
23:00 26 July,TTE Ternate,2Y My indo,2Y 0621,1A -,,,(#)
23:00 26 July,SIN Singapore,VN Vietnam Airlines,VN 3969,-,,U5,(#)
23:00 26 July,SIN Singapore,GA Garuda Indonesia,GA 0847,3U -,,U5,(#)
23:00 26 July,SIN Singapore,9W Jet Airways india,9W 4108,-,,U5,(#)
23:00 26 July,SZX,CZ China Southern 388,CZ 8353,3U -,,U4,(#)
23:00 26 July,DPS Bali,GA Garuda Indonesia,GA 0405,3U -,,U7,(#)
23:05 26 July,KUL Kuala Lumpur,GA Garuda Indonesia,GA 9277,-,,U6,(#)
23:05 26 July,KUL Kuala Lumpur,QR Qatar Airways,QR 5004,-,,U6,(#)
23:05 26 July,KUL Kuala Lumpur,FY Firefly Airline,FY 7393,-,,U6,(#)
23:05 26 July,KUL Kuala Lumpur,MH Malaysian Airlines,MH 0727,3U -,,U6,(#)
23:05 26 July,KUL Kuala Lumpur,MH Malaysian Airlines,MH 0727,3U -,,U6,(#)
23:10 26 July,SUB Surabaya,JT Lion Airlines,JT 0595,1A -,,A2,(#)
23:10 26 July,SIN Singapore,ID Batik Air,ID 7158,2F -,,12,(#)
23:10 26 July,DPS Bali,QG Citilink Indonesia,QG 0691,1C -,,C1,(#)
23:15 26 July,KUL Kuala Lumpur,QZ Air Asia Indonesia,QZ 0207,2F -,,11,(#)
23:25 26 July,SUB Surabaya,JT Lion Airlines,JT 0821,1A -,,A2,(#)
23:25 26 July,MNL Manila,5J Cebu Pacific Air,5J 0759,2F -,,14,(#)
23:35 26 July,DPS Bali,QZ Air Asia Indonesia,QZ 7519,2E -,,7,(#)
23:50 26 July,NRT Tokyo,NH All Nippon,NH 0835,3U -,,U1,(#)
23:50 26 July,NRT Tokyo,AA AMERICAN AIRLINE,AA 8499,-,,U2,(#)
23:50 26 July,NRT Tokyo,UA UNITED AIRLINES,UA 7915,-,,U1,(#)
23:50 26 July,NRT Tokyo,JL Japan Airlines,JL 0729,3U -,,U2,(#)
23:50 26 July,NRT Tokyo,HA HAWAIIAN AIRLINES,HA 5380,-,,U2,(#)
23:50 26 July,NRT Tokyo,GA Garuda Indonesia,GA 9331,-,,U1,(#)
23:50 26 July,NRT Tokyo,GA Garuda Indonesia,GA 9151,-,,U2,(#)
23:55 26 July,MNL Manila,GA Garuda Indonesia,GA 9987,3U -,,U3,(#)
23:55 26 July,MNL Manila,PR Philipines Airlines,PR 0535,3U -,,U3,(#)